state,county,netprice
Virginia,Roanoke County,7784.1679
Wisconsin,Door County,48665.3581
Iowa,Marion County,9975.3553
Tennessee,Lincoln County,14283.9138
Pennsylvania,York County,85808.225
Texas,Karnes County,8524.7725
North Carolina,McDowell County,22312.7066
Georgia,Gilmer County,27968.9123
Virginia,Buena Vista City County,2673.1108
Maryland,Saint Mary's County,81960.7164
Minnesota,Washington County,109456.0629
Louisiana,St John The Baptist Parish,34604.2271
Michigan,Houghton County,10415.7882
Arkansas,Izard County,3290.6192
Oklahoma,McClain County,2750.0
Texas,Refugio County,5462.1137
Pennsylvania,Jefferson County,21480.598
Georgia,Jones County,13624.1816
South Carolina,Union County,3930.9879
Indiana,Shelby County,54376.9582
Minnesota,Aitkin County,10615.5409
North Dakota,Burleigh County,25802.2686
Georgia,Wayne County,4421.1644
North Carolina,Lincoln County,54754.391
Georgia,Schley County,4257.0445
Arkansas,Independence County,14418.2347
Arkansas,Boone County,7410.8939
Arkansas,Faulkner County,9705.5177
Iowa,Mills County,15632.4822
North Carolina,Northampton County,9845.0706
Michigan,Kalamazoo County,78871.6043
Alabama,Lee County,14641.0577
Iowa,Linn County,38403.8427
Tennessee,Jackson County,5165.2229
South Dakota,Aurora County,5257.1325
Iowa,Monroe County,4168.1653
Michigan,Macomb County,87329.7501
Texas,Kinney County,2956.3761
Florida,Putnam County,14187.8018
Wisconsin,Pepin County,24438.2088
Georgia,Gordon County,13150.2113
Texas,Coleman County,3038.7267
Georgia,Pickens County,18455.201
Texas,Lubbock County,31091.9025
Texas,Lamar County,6940.1047
Michigan,Clinton County,34403.9631
Indiana,Vanderburgh County,112366.1683
Alabama,Lowndes County,2516.1186
Louisiana,West Baton Rouge Parish,550673.4748
Oklahoma,Mayes County,33399.2974
West Virginia,Mason County,3170.0697
Iowa,Iowa County,30178.9104
Minnesota,Grant County,62145.9951
Virginia,Sussex County,3734.9404
Virginia,Galax City County,1166666.6667
Texas,Hale County,9342.051
Indiana,Decatur County,49685.429
Texas,Dewitt County,10936.31
Kentucky,Woodford County,37793.1644
South Dakota,Minnehaha County,97947.8714
Texas,Austin County,19737.6888
Louisiana,Lincoln Parish,5864.7279
Indiana,Ripley County,38235.0261
Virginia,Wise County,10607.2022
Wisconsin,Menominee County,357688.4422
Georgia,Twiggs County,3038.4834
Georgia,Franklin County,16433.4268
Georgia,Webster County,2148.0661
Maryland,Frederick County,94106.9567
South Dakota,Hamlin County,23104.5082
Virginia,James City County,18789.4897
Oklahoma,Beckham County,6492.901
Wisconsin,Taylor County,3465.9311
Arkansas,Poinsett County,23125.5103
Texas,Presidio County,824.4385
Kentucky,Hart County,9228.7039
Indiana,Rush County,44817.5542
Alabama,Choctaw County,2959.0402
Georgia,Catoosa County,69267.0383
Iowa,Wayne County,4926.1538
Virginia,Charlottesville City County,93526.9397
Georgia,Habersham County,20204.44
Delaware,Kent County,70639.1308
Ohio,Montgomery County,59505.0335
West Virginia,Ohio County,234657.1494
Mississippi,Lowndes County,10395.7727
North Carolina,Lenoir County,14693.1245
Virginia,Alexandria City County,20625000.0
Georgia,Washington County,3269.8992
New York,Ulster County,47524.504
Georgia,Thomas County,18997.7996
Mississippi,Leake County,3718.7271
Texas,Llano County,40092.2396
Tennessee,Lauderdale County,7114.4278
Florida,Lee County,292430.6086
Alabama,Blount County,12026.4467
Florida,Marion County,33352.2234
Alabama,Dallas County,3304.9375
Georgia,Crisp County,9498.6024
Indiana,Steuben County,62422.7734
Florida,Glades County,15170.8224
Kentucky,Green County,4379.8723
Virginia,Fluvanna County,14745.7019
North Carolina,Currituck County,53869.4901
Ohio,Wyandot County,91692.9825
Pennsylvania,Luzerne County,15983.3037
North Carolina,Granville County,20064.7265
Missouri,Gasconade County,3288.1579
Oklahoma,Woodward County,1780.4227
Iowa,Emmet County,42987.2
Iowa,Muscatine County,22221.5596
Florida,Manatee County,50987.843
Iowa,Winneshiek County,14358.1381
Georgia,Early County,3309.9293
Minnesota,Wright County,61615.6257
South Dakota,Codington County,14755.1427
North Carolina,Hertford County,19055.3995
Virginia,Carroll County,10046.1253
Arkansas,Benton County,127461.1029
Louisiana,Assumption Parish,66480.8153
Indiana,Boone County,87523.6044
Virginia,Westmoreland County,18536.6276
North Carolina,Bladen County,4282.8267
Virginia,Colonial Heights City County,552746.875
Minnesota,Sibley County,41794.7263
Texas,Somervell County,35964.3362
Texas,Borden County,1450.0523
Kentucky,Ohio County,6277.8844
Wisconsin,Green Lake County,56095.8075
Virginia,Lee County,6246.2653
Minnesota,McLeod County,39127.3272
Mississippi,Perry County,2955.3163
Louisiana,Beauregard Parish,7775.1115
Tennessee,Smith County,15599.9435
Florida,Gadsden County,10404.4512
Tennessee,Stewart County,6544.0921
Virginia,Bath County,5746.8218
Louisiana,Terrebonne Parish,59860.9348
Virginia,Floyd County,5722.5791
North Carolina,Graham County,16017.5185
Ohio,Defiance County,3976.9108
Alabama,Calhoun County,23990.5754
Kentucky,Boyle County,39734.1043
Texas,Kleberg County,29153.7278
Wisconsin,Manitowoc County,21218.2192
South Carolina,Saluda County,9320.0069
Indiana,Knox County,60279.1223
Pennsylvania,Lehigh County,56270.6999
North Carolina,Onslow County,67396.3548
Mississippi,Union County,6654.2273
North Carolina,Harnett County,28232.4912
Texas,Fayette County,15490.898
Virginia,King George County,29769.4489
Wisconsin,Sauk County,31201.2143
Alabama,Geneva County,7155.2338
Virginia,Northampton County,16218.0295
Mississippi,Choctaw County,2981.4153
New York,Seneca County,33461.4629
Texas,Uvalde County,3832.5432
Michigan,Ogemaw County,19681.6104
Wisconsin,Pierce County,38188.8646
Oklahoma,Creek County,7380.4611
Iowa,Benton County,26897.2754
Oklahoma,Noble County,804.8692
Minnesota,Dodge County,41383.2121
Virginia,Campbell County,14772.1943
Oklahoma,Jefferson County,11363.6364
Texas,Montgomery County,22668.2169
Texas,Brown County,8883.6329
Oklahoma,Rogers County,22588.7317
South Dakota,Yankton County,122794.5423
Michigan,Schoolcraft County,6899.0124
Alabama,Marshall County,17310.3026
Michigan,Huron County,33652.4018
Indiana,Benton County,17482.0591
Georgia,Meriwether County,7464.3528
Texas,Menard County,3378.8965
Iowa,Webster County,80500.3246
Mississippi,Walthall County,4248.1213
Texas,King County,1276.1403
Oklahoma,Payne County,8214.4734
Florida,Gilchrist County,18739.1875
West Virginia,Roane County,2274.5777
Tennessee,Crockett County,21268.1894
Iowa,Mahaska County,18026.0003
South Dakota,Tripp County,3025.4545
Tennessee,Decatur County,4237.9454
Iowa,Warren County,29803.2312
Iowa,Howard County,19520.7016
New York,Tompkins County,43468.0427
North Dakota,LaMoure County,137407.4074
Georgia,Stewart County,2271.169
North Carolina,Mitchell County,13369.9841
Mississippi,Jefferson Davis County,3522.1181
Kentucky,Calloway County,19904.507
Georgia,Chattahoochee County,2278.3349
Mississippi,Benton County,2946.212
South Dakota,Hutchinson County,7890.7737
Mississippi,Alcorn County,2711.5444
Virginia,Chesterfield County,159338.2109
Minnesota,Todd County,16835.1531
Michigan,Midland County,26203.6808
Tennessee,Williamson County,103546.5231
Texas,Wilson County,14017.279
Mississippi,Grenada County,1714.5379
Iowa,Jasper County,35535.923
Texas,Jim Wells County,5349.4066
Pennsylvania,Washington County,32734.9294
Arkansas,Newton County,3491.6149
Virginia,Tazewell County,10784.1141
Georgia,Lowndes County,29597.2809
North Dakota,Ransom County,671052.6316
Texas,Irion County,1514.7644
Georgia,Emanuel County,3544.2357
Ohio,Mahoning County,29959.4628
Mississippi,Wayne County,2423.6862
Indiana,Elkhart County,57610.5193
Georgia,Fayette County,82973.2539
Indiana,Henry County,28631.0116
South Dakota,Butte County,1136.5202
Iowa,Hardin County,42107.5867
South Carolina,Lee County,4140.8339
Iowa,Fayette County,93843.1777
Minnesota,Kanabec County,10550.5629
Tennessee,Hardin County,5835.9942
Texas,Bell County,47746.9344
Alabama,Monroe County,2997.0617
Tennessee,Polk County,18982.0973
Kentucky,Muhlenberg County,4353.8182
West Virginia,Wayne County,6986.14
Iowa,Calhoun County,233590.1926
Indiana,Howard County,54058.9245
North Carolina,Brunswick County,75496.1628
North Carolina,Rutherford County,12643.2421
Texas,Palo Pinto County,11493.2238
West Virginia,Webster County,2049.566
Maryland,Garrett County,33024.0301
Virginia,Newport News City County,343694.0072
West Virginia,Jackson County,3051.8799
California,Riverside County,21008.4034
Kentucky,Monroe County,5564.4993
Minnesota,Crow Wing County,47165.9321
Georgia,Chatham County,280348.4824
Maryland,Carroll County,92474.2617
Tennessee,Cheatham County,35737.0644
Iowa,Van Buren County,5658.3886
Arkansas,Fulton County,4092.6063
Tennessee,Meigs County,8356.9185
Florida,Lafayette County,5872.8392
New York,Sullivan County,16178.9968
New York,Washington County,15569.8356
Kentucky,Harrison County,6990.8039
Ohio,Cuyahoga County,126832.4695
Iowa,Wapello County,8754.4329
Michigan,Charlevoix County,22109.6987
Georgia,Stephens County,18523.2611
Louisiana,Ascension Parish,480759.7243
Minnesota,Clay County,14242.9087
West Virginia,Taylor County,8518.4312
Texas,Pecos County,2090.1419
Michigan,Lake County,17166.7014
Texas,Kimble County,5731.3523
New York,Saint Lawrence County,3893.0411
Georgia,Banks County,11808.1457
Montana,Rosebud County,474.8982
Virginia,Appomattox County,9798.1786
Texas,Newton County,3598.5388
Mississippi,Tunica County,4531.785
Minnesota,Carver County,87113.3675
New York,Franklin County,7023.982
Alabama,Covington County,6800.4223
Virginia,Manassas City County,213254.0626
Michigan,Iron County,3884.4984
Georgia,Douglas County,47392.6206
Wisconsin,Winnebago County,52423.0062
North Carolina,Craven County,54004.8039
Maryland,Montgomery County,112023.3058
Texas,Moore County,2617.4554
Wisconsin,Lafayette County,12930.1014
Kentucky,Barren County,24355.2444
Texas,Carson County,2596.3898
West Virginia,Grant County,5167.2645
Mississippi,Madison County,15326.467
Ohio,Warren County,91024.8052
North Carolina,Ashe County,15969.4919
South Dakota,Jackson County,1292.9505
Pennsylvania,Armstrong County,30569.961
Tennessee,Henderson County,7238.4052
South Dakota,Jerauld County,336000.0
Wisconsin,Vilas County,26126.2432
West Virginia,Wirt County,971.3455
Texas,Archer County,2109.5541
Minnesota,Mille Lacs County,11798.9067
Iowa,Polk County,355318.6065
Kentucky,McLean County,25184.3248
Georgia,Glynn County,34266.1134
Indiana,Fayette County,10882.1426
Virginia,Nottoway County,12255.2055
Virginia,Prince George County,30975.8182
Indiana,Allen County,72110.6847
Florida,Palm Beach County,215240.1922
Indiana,Warrick County,99701.1532
Texas,Frio County,3265.1101
North Dakota,Pierce County,1082307.6923
Mississippi,Pearl River County,8081.8303
Georgia,Pulaski County,7935.4241
Texas,Madison County,10819.2911
Texas,Concho County,1989.121
Georgia,Johnson County,3293.934
Tennessee,Jefferson County,38368.5295
Arkansas,Carroll County,13662.5077
Indiana,Madison County,53977.0099
Ohio,Guernsey County,21670.8056
Minnesota,Wabasha County,80002.842
Wisconsin,Calumet County,80086.4064
Kentucky,Menifee County,5455.1425
Virginia,Chesapeake City County,104839.084
Colorado,Gunnison County,2566.3717
Pennsylvania,Lackawanna County,36120.8558
Pennsylvania,Cambria County,25885.1559
Texas,Morris County,4520.1965
Texas,San Patricio County,61568.9945
West Virginia,Berkeley County,31900.0385
Michigan,Arenac County,19470.4383
Minnesota,Stearns County,45851.4591
Kentucky,Owsley County,947.4731
Minnesota,Pennington County,4016.4956
Virginia,Prince William County,301801.5311
North Carolina,Wilson County,21939.2321
Georgia,Oglethorpe County,9215.0129
Florida,Sarasota County,195087.0995
Michigan,Oscoda County,7668.3066
Pennsylvania,Schuylkill County,31924.717
Kentucky,Montgomery County,23649.4215
Michigan,Iosco County,13674.3395
Alabama,Shelby County,28316.057
Alabama,Saint Clair County,11126.5341
Ohio,Mercer County,165805.6411
Florida,Okaloosa County,34252.9645
Michigan,Gogebic County,10220.8766
Georgia,Wheeler County,3492.4772
North Carolina,Pitt County,30145.6468
Texas,Real County,3099.8788
Texas,Bee County,4249.8536
Michigan,Muskegon County,65985.2288
Oklahoma,Pawnee County,4540.9186
West Virginia,Boone County,3179.5313
Texas,Bandera County,8280.3499
Texas,Fort Bend County,44143.5748
Louisiana,Lafourche Parish,17774.6824
Michigan,Cass County,28613.6873
Virginia,Salem County,179204.3478
Minnesota,Roseau County,6697.1334
Texas,Calhoun County,22837.8985
Mississippi,Kemper County,2108.9373
Virginia,Petersburg County,224077.6728
Mississippi,Stone County,9040.415
West Virginia,Fayette County,3890.3442
North Carolina,Cherokee County,10465.0632
Louisiana,La Salle Parish,3865.02
Louisiana,Concordia Parish,25116.6966
Tennessee,Giles County,14407.6428
Indiana,Sullivan County,15213.7528
Wisconsin,Portage County,31074.9299
Texas,Freestone County,4574.8519
South Carolina,Fairfield County,6440.2379
Iowa,Butler County,13594.4653
Georgia,Hart County,32706.2757
Virginia,Montgomery County,16498.4196
Mississippi,Itawamba County,7067.9419
South Carolina,Oconee County,30886.1545
Texas,Willacy County,8363.2367
Virginia,Pulaski County,8214.8745
Iowa,Jefferson County,35641.2119
Alabama,Winston County,16078.6504
Alabama,Escambia County,7758.8251
Tennessee,Moore County,12744.4895
Ohio,Lake County,83832.99
Kentucky,Daviess County,18184.5906
Iowa,Lyon County,26917.173
Alabama,Walker County,8945.8534
West Virginia,Marion County,28827.6112
Mississippi,Clarke County,4293.8443
Texas,Schleicher County,2184.5658
South Dakota,Spink County,5000.9497
Texas,Starr County,3142.7935
Texas,Jasper County,12245.4486
Ohio,Williams County,8574.5232
North Dakota,Sheridan County,97378.6408
Texas,Comal County,95509.3316
Wisconsin,Waushara County,9141.1555
Iowa,Mitchell County,102925.4066
Oklahoma,Garfield County,14700.7422
West Virginia,Summers County,6413.4632
New York,Richmond County,7192.142
Texas,Hamilton County,6842.802
Texas,Dickens County,954.9046
Ohio,Champaign County,42222.933
Texas,Burleson County,11158.729
Pennsylvania,Clearfield County,4498.0728
Texas,Atascosa County,11816.8478
Minnesota,Rice County,48472.7325
Ohio,Holmes County,16084.4132
Georgia,Bacon County,16808.6068
Texas,Armstrong County,3321.0108
Minnesota,Becker County,12812.6816
Georgia,Berrien County,29704.9489
Texas,Sterling County,1999666.6667
Colorado,Cheyenne County,0.0001
Georgia,Barrow County,71972.1925
North Carolina,Catawba County,54854.1994
Mississippi,Scott County,2696.5511
North Carolina,Clay County,26471.1055
Kentucky,Gallatin County,13438.997
Texas,Wharton County,7160.9734
Georgia,Taliaferro County,3329.3902
Mississippi,Forrest County,8999.0386
Michigan,Menominee County,2575.4474
Georgia,Miller County,3846.8139
Minnesota,Chisago County,34530.1931
Louisiana,Rapides Parish,35982.6981
Louisiana,Jackson Parish,2818.5026
Indiana,Floyd County,44604.2509
Georgia,Oconee County,34945.0061
Tennessee,Humphreys County,5857.7607
Pennsylvania,Centre County,24152.776
Texas,Smith County,36599.2894
Texas,Loving County,2390.0751
Oklahoma,Grant County,1112.5493
Delaware,New Castle County,149205.645
South Dakota,Miner County,6111.0513
Virginia,Essex County,9215.6119
Ohio,Ashland County,47765.3431
Alabama,Coosa County,3932.3505
Ohio,Sandusky County,39800.5349
Texas,Henderson County,28790.7137
Minnesota,Itasca County,12297.8981
Texas,Camp County,23615.0594
Texas,Crane County,1162.4204
Tennessee,McNairy County,3466.3582
Colorado,Crowley County,758.0357
Arkansas,Jackson County,179329.6089
Maryland,Dorchester County,13158.8618
Florida,Polk County,31876.9556
Ohio,Jefferson County,19384.9933
Maryland,Worcester County,62575.3555
Pennsylvania,Warren County,8837.1066
Mississippi,Carroll County,2748.4756
Kentucky,Logan County,16619.4149
Wisconsin,Chippewa County,19999.7882
Iowa,Wright County,14129.1208
Indiana,Hamilton County,176728.3287
Texas,Briscoe County,1781.1423
Georgia,Laurens County,9929.3376
Kentucky,Powell County,9055.2315
Minnesota,Saint Louis County,15797.857
Virginia,Fauquier County,26495.9696
North Carolina,Perquimans County,30182.8974
Texas,Lamb County,4325.2353
Texas,Hood County,47857.1997
Pennsylvania,Elk County,8629.9119
Ohio,Gallia County,6055.023
Iowa,Clarke County,5163.0535
Kentucky,Russell County,15918.8522
Wisconsin,Washburn County,11298.1585
Minnesota,Freeborn County,24521.8891
Kentucky,Caldwell County,9157.7472
Tennessee,Sevier County,63724.6765
Michigan,Clare County,13877.8599
Pennsylvania,Sullivan County,15505.6976
Oklahoma,Beaver County,1450.7809
Georgia,Harris County,6858.0466
New York,Tioga County,4883.1901
Texas,Rusk County,8576.9789
Georgia,Dooly County,4512.7398
New York,Onondaga County,66800.025
Ohio,Ross County,20864.4481
South Dakota,Campbell County,408536.5854
Louisiana,Vermilion Parish,21773.604
Virginia,Brunswick County,14032.2268
Kentucky,Livingston County,3757.8449
Iowa,Davis County,5313.7689
Pennsylvania,Northumberland County,12587.2776
Minnesota,Kittson County,938.8554
Florida,Gulf County,206172.0519
New York,New York County,17653.5539
Texas,Wilbarger County,4218.3902
Wisconsin,Wood County,25038.0216
Texas,Delta County,4923.7012
Florida,Citrus County,60914.1738
Florida,Hendry County,23289.9688
Pennsylvania,Perry County,59493.9338
Texas,Stonewall County,1084.7586
Louisiana,Saint Bernard Parish,141422.6519
New York,Oswego County,9007.2812
Kentucky,Lawrence County,3621.5494
Tennessee,Wayne County,4360.6347
Virginia,Patrick County,4198.4595
West Virginia,Randolph County,18671.0767
New York,Schoharie County,8192.1709
Minnesota,Red Lake County,20059.8802
Tennessee,Bradley County,51139.6112
Minnesota,Le Sueur County,45158.7484
Texas,Marion County,3452.531
Texas,Montague County,8072.6148
Arkansas,Marion County,5864.4142
Virginia,Rockingham County,34461.1884
Florida,Flagler County,22803.5446
Florida,Pinellas County,429401.5257
Kentucky,Adair County,7054.0165
Texas,Midland County,75922.4986
Georgia,Butts County,28775.3668
West Virginia,Cabell County,39609.4303
Indiana,Hancock County,85142.7213
North Carolina,Forsyth County,42671.7117
Kentucky,Henderson County,10201.662
Virginia,Bland County,2145.2625
Indiana,Blackford County,14282.8961
Virginia,Fredericksburg City County,523370.9121
Kentucky,Taylor County,10876.2632
Kentucky,Warren County,58829.0013
Virginia,Portsmouth City County,338461.4687
Minnesota,Rock County,103762.1832
Virginia,Highland County,2897.8092
North Carolina,Robeson County,7683.2461
Iowa,Appanoose County,8385.0528
Tennessee,Haywood County,3304.9275
Ohio,Clinton County,24064.3334
Ohio,Fairfield County,63335.7144
Ohio,Lorain County,52364.2318
Texas,Upshur County,10101.1769
Georgia,Tift County,30159.3925
Tennessee,DeKalb County,20266.6171
Missouri,Clay County,2026761.9048
Arkansas,Baxter County,14110.729
Georgia,Elbert County,6313.8945
Georgia,Grady County,9928.322
Georgia,Fulton County,228917.8752
Louisiana,Vernon Parish,6096.1815
Virginia,Warren County,29185.023
Virginia,Buchanan County,8749.737
Oklahoma,Roger Mills County,1853.3554
Texas,Jackson County,5009.2133
Virginia,Page County,15327.127
Maryland,Cecil County,72086.7092
West Virginia,Logan County,2333.2547
Alabama,Randolph County,13824.598
Ohio,Carroll County,25287.0006
Texas,Fannin County,16308.0026
Kentucky,Nelson County,31909.5378
North Carolina,Columbus County,14874.6596
Georgia,Camden County,41200.199
Mississippi,Adams County,5415.1866
Georgia,Treutlen County,8478.2976
Louisiana,Avoyelles Parish,7129.6151
Michigan,Tuscola County,13047.4725
Tennessee,Dickson County,20625.8554
Texas,Live Oak County,5215.2394
Iowa,Jones County,50369.9451
Oklahoma,Kiowa County,7865.5472
District of Columbia,District of Columbia County,4582135.4934
Iowa,Worth County,7439.3958
Wisconsin,Dane County,105900.889
South Dakota,Corson County,10400.0
Indiana,Tippecanoe County,107431.6928
Texas,Ochiltree County,7129.0436
Texas,Wise County,19835.231
Florida,Lake County,43376.3644
North Carolina,Tyrrell County,12275.1164
Texas,Brooks County,2826.0632
South Carolina,McCormick County,9427.6235
Texas,Hartley County,2698.4445
Kentucky,Laurel County,27014.4224
Florida,Sumter County,33164.4187
Tennessee,Grainger County,9900.4094
New York,Westchester County,370314.2379
North Dakota,Sargent County,469.0411
Georgia,Cherokee County,86271.098
Georgia,Peach County,48209.2341
Tennessee,Fentress County,6745.5778
Mississippi,Noxubee County,3177.2056
Iowa,Humboldt County,14130.5261
Iowa,Hamilton County,54461.9095
Wisconsin,Waukesha County,46661.7735
Florida,Franklin County,203653.7314
Ohio,Ottawa County,121418.8083
Georgia,Forsyth County,176672.0231
Florida,Indian River County,14877.5362
Ohio,Highland County,21725.2922
Texas,Denton County,179036.4862
Texas,Crockett County,831.4006
Minnesota,Clearwater County,8036.9294
Indiana,Crawford County,9933.1854
Alabama,Cullman County,18869.8775
South Carolina,Marlboro County,5064.0288
Mississippi,Harrison County,38085.6259
Tennessee,McMinn County,15684.4261
Kentucky,Marshall County,41198.3027
Georgia,Baldwin County,27111.8641
Minnesota,Goodhue County,47331.2828
Virginia,Richmond City County,655729.6467
Wyoming,Platte County,1657.6644
Oklahoma,Harmon County,1125.0
Mississippi,Coahoma County,296.4497
Texas,Hill County,14553.0828
Indiana,Jasper County,11838.2207
Texas,Bastrop County,21263.2828
South Carolina,Orangeburg County,12093.4441
South Carolina,Allendale County,7824.1974
Texas,Maverick County,4761.9344
Oklahoma,Cotton County,1902.1739
Georgia,Quitman County,1173.9775
Florida,Hernando County,49076.9435
Texas,Gray County,2680.9846
Texas,McLennan County,20007.02
Arkansas,Dallas County,46219.5122
West Virginia,Putnam County,59344.2518
Michigan,Presque Isle County,3365.6204
Minnesota,Mower County,101590.4106
Tennessee,Roane County,26742.2389
Kentucky,McCracken County,77259.1979
New York,Oneida County,20809.5315
Florida,Duval County,98717.2152
Oklahoma,Texas County,2092.5779
Louisiana,Evangeline Parish,6097.8762
Ohio,Noble County,5614.0926
Louisiana,East Feliciana Parish,6819.1965
Ohio,Delaware County,87036.6707
Mississippi,Holmes County,1124.5362
West Virginia,Barbour County,19596.5696
North Dakota,Stutsman County,8994.6072
Wisconsin,Lincoln County,5688.9888
Indiana,Clay County,12181.0288
Oregon,Lane County,9254.5315
Georgia,McIntosh County,18284.6259
West Virginia,Monroe County,2689.8476
Texas,Runnels County,2652.0591
Wisconsin,Jefferson County,30947.6103
Maryland,Talbot County,67790.5803
South Dakota,Hughes County,5854.3977
Tennessee,Benton County,5445.2492
Texas,Lampasas County,9953.4171
Kentucky,Clinton County,7934.4202
Georgia,Walker County,13680.9329
Texas,Guadalupe County,58020.7175
Florida,Washington County,6477.447
Alabama,DeKalb County,5472.9003
Ohio,Stark County,71125.9161
Kentucky,Mercer County,18919.8288
North Carolina,Durham County,49429.9368
Alabama,Limestone County,22903.7004
California,Siskiyou County,2959.5016
Alabama,Tallapoosa County,8725.8251
Florida,Levy County,11335.3981
Virginia,Frederick County,30773.6341
Florida,Saint Johns County,132018.9098
North Carolina,Watauga County,33047.2059
Florida,Osceola County,43270.4659
Kentucky,Grayson County,7512.7909
Ohio,Crawford County,29480.2208
Iowa,Pocahontas County,10926.2278
Tennessee,Lawrence County,13431.3736
South Dakota,Lincoln County,167947.7511
Missouri,Ozark County,2758.6207
Virginia,Isle of Wight County,29375.5169
Wisconsin,Monroe County,14695.9625
Alabama,Etowah County,5050.05
Wisconsin,Sheboygan County,20019.9407
Arkansas,Franklin County,2666.8822
Iowa,Crawford County,31981.683
Louisiana,Cameron Parish,2603.252
Virginia,Radford County,103252.9412
Kentucky,Meade County,30776.1816
Florida,Collier County,268138.6766
North Carolina,Stanly County,18613.8534
Indiana,Orange County,22749.5311
Kentucky,Knott County,4557.8052
South Dakota,Lyman County,2026.3692
Florida,Orange County,353811.6318
Maryland,Queen Annes County,96456.0318
Iowa,Des Moines County,75705.2134
South Dakota,Deuel County,26785.7143
North Carolina,Rockingham County,12062.9803
Mississippi,Wilkinson County,5937.0485
North Carolina,Alleghany County,12095.83
South Dakota,Gregory County,3566.7858
North Carolina,Polk County,25593.4771
Michigan,Dickinson County,6235.2042
Kentucky,Lewis County,4061.7203
South Dakota,Mellette County,1558.2708
Texas,Yoakum County,3794.6599
Pennsylvania,Fayette County,32168.8764
Iowa,Buchanan County,62582.3487
Georgia,Crawford County,4764.9973
Indiana,Kosciusko County,77423.9643
Texas,Rains County,9153.3539
North Carolina,Carteret County,35684.4769
Michigan,Otsego County,6292.4531
Kentucky,Edmonson County,30422.0121
Louisiana,Ouachita Parish,10958.4516
Louisiana,Saint Landry Parish,33963.2162
Texas,Hardeman County,1776.8175
Texas,Winkler County,209080.9969
Iowa,Marshall County,31243.4835
Texas,Liberty County,5569.5663
Pennsylvania,Juniata County,13989.3514
Wisconsin,Buffalo County,9648.2041
Iowa,Ida County,244512.9225
Iowa,Union County,8305.6268
New York,Chemung County,15860.6656
Kentucky,Robertson County,3425.332
Texas,Throckmorton County,3833.9327
Virginia,Spotsylvania County,33974.4067
Kentucky,Anderson County,26346.9748
Pennsylvania,Clarion County,7312.3908
Missouri,Dallas County,6207.5472
Wisconsin,Vernon County,10678.277
Minnesota,Sherburne County,72796.7538
Minnesota,Meeker County,18652.9917
Georgia,Echols County,2876.3014
Mississippi,Warren County,1912.4189
Texas,Nueces County,98677.0928
Georgia,Gwinnett County,169608.6871
Mississippi,Claiborne County,2128.9526
Pennsylvania,Allegheny County,132865.4202
Texas,Stephens County,5576.0215
Texas,Brazos County,25629.9417
Tennessee,Shelby County,59955.3556
Iowa,Lucas County,4410.8731
Georgia,Turner County,5026.6973
Texas,Hockley County,12553.7861
Texas,Hopkins County,8594.1652
Indiana,Jefferson County,25796.8784
Mississippi,Hinds County,8752.8528
Wisconsin,Trempealeau County,9400.6298
Virginia,Middlesex County,47153.9158
Iowa,Boone County,78155.856
North Dakota,Pembina County,2747.9765
Mississippi,Tishomingo County,10727.1393
Texas,El Paso County,81336.5781
Wisconsin,Columbia County,25233.5471
Mississippi,Jones County,5765.1564
Texas,Lavaca County,9067.1962
Mississippi,Lamar County,7532.7247
Virginia,Franklin County,17679.358
Minnesota,Lincoln County,19382.8351
Georgia,Henry County,50324.1965
Texas,Lee County,10477.5356
Wisconsin,Marinette County,14388.6005
Georgia,Colquitt County,15267.2583
Wisconsin,Burnett County,11817.4373
North Dakota,Logan County,1036.3206
Iowa,Floyd County,17724.1289
Michigan,Leelanau County,47185.1699
Georgia,Terrell County,3234.454
Indiana,Parke County,28661.3017
North Carolina,Wilkes County,6793.8336
Georgia,Clay County,3978.9573
Texas,Jefferson County,21173.4778
South Dakota,Brown County,23046.0901
Georgia,Lanier County,3575.2244
Arizona,Santa Cruz County,1666.6667
West Virginia,Morgan County,16673.5024
Indiana,Switzerland County,11104.7797
Michigan,Genesee County,47517.4928
Arkansas,Stone County,9469.2557
Michigan,Emmet County,39188.7505
Ohio,Darke County,33833.9798
California,Los Angeles County,3996.4
Louisiana,East Carroll Parish,513.1888
Minnesota,Redwood County,45602.1416
Minnesota,Waseca County,27048.9399
Tennessee,Wilson County,69072.5493
Kentucky,Hardin County,70166.778
West Virginia,Clay County,2526.1064
Alabama,Colbert County,22757.0382
Michigan,Mason County,43326.2309
Georgia,Ware County,2595.2286
Oklahoma,Lincoln County,3791.8138
Florida,Hillsborough County,141354.8048
Mississippi,Leflore County,6062.4773
Michigan,Sanilac County,32788.4998
Texas,Sutton County,2052.8646
Kentucky,Carroll County,6950.8156
Pennsylvania,Clinton County,5274.0963
Virginia,Lynchburg City County,61226.5515
Texas,Medina County,8275.7054
Georgia,Union County,46374.9224
Kentucky,Pulaski County,29051.271
Florida,Holmes County,11176.5922
Kentucky,Todd County,9004.5929
Georgia,Marion County,3663.5669
Kentucky,Bell County,22837.3123
Texas,Johnson County,42200.5111
Indiana,Lake County,61419.3431
Tennessee,Madison County,12206.1866
Arkansas,Union County,137339.0558
Alabama,Marengo County,2497.973
Texas,Motley County,851.9949
North Carolina,Person County,16357.0167
Oklahoma,Custer County,5141.7782
Texas,Andrews County,5450.0494
Louisiana,Saint James Parish,514705.8824
Mississippi,Rankin County,13939.5229
Michigan,Roscommon County,22132.2628
Mississippi,Webster County,3800.4455
Ohio,Shelby County,49265.3512
Florida,Brevard County,136030.7502
Indiana,Perry County,13550.0812
Virginia,Rappahannock County,11888.821
Louisiana,West Carroll Parish,2799.2116
Wisconsin,Jackson County,7234.1483
Georgia,Hall County,75302.2508
Alabama,Lamar County,1754.114
Virginia,Orange County,21586.2971
South Dakota,McCook County,36109.3171
Minnesota,Pine County,8080.8304
Ohio,Jackson County,8664.962
Mississippi,Lawrence County,2819.4451
Georgia,Monroe County,7944.0127
Pennsylvania,Philadelphia County,1899496.7871
Michigan,Van Buren County,28417.1044
Kentucky,Shelby County,41101.4935
Texas,Navarro County,9916.6726
Alabama,Washington County,1876.9325
Texas,Upton County,5472.0063
Florida,Jackson County,8937.1247
Mississippi,Tallahatchie County,3571.2119
Indiana,Pulaski County,14845.0337
Oklahoma,Blaine County,4251.5822
West Virginia,Preston County,9533.812
Minnesota,Ramsey County,360193.978
Texas,Hansford County,573787.8788
North Carolina,Macon County,48155.7245
North Carolina,Jones County,6628.6745
West Virginia,Hardy County,7723.974
Kentucky,Bath County,5942.6885
Kentucky,Rowan County,9656.3828
West Virginia,Greenbrier County,15573.1177
Mississippi,Monroe County,3824.9465
Pennsylvania,Carbon County,33238.1567
Iowa,Fremont County,4792.3299
Pennsylvania,Adams County,78269.8852
Kentucky,Estill County,4471.4334
Florida,Okeechobee County,5973.7655
Iowa,Delaware County,15845.7882
Colorado,Costilla County,2930.5913
Indiana,Ohio County,10927.1245
Pennsylvania,Erie County,34774.5539
Georgia,Worth County,8246.7747
Michigan,Missaukee County,7746.4201
Texas,Washington County,21174.3258
North Carolina,Madison County,7990.2555
Georgia,DeKalb County,168253.7569
Kentucky,Trigg County,32030.8968
Pennsylvania,Butler County,25900.4472
South Carolina,Berkeley County,58751.7822
North Carolina,Moore County,26231.626
Ohio,Miami County,61513.9183
North Carolina,Montgomery County,31313.7105
Kentucky,Casey County,4660.5639
Mississippi,Newton County,2573.8931
New York,Ontario County,36251.497
South Carolina,Hampton County,6288.4596
North Carolina,Pender County,26377.4678
Georgia,Greene County,25750.5719
North Carolina,Washington County,6412.9833
Texas,Parmer County,240092.5926
Arkansas,Van Buren County,2108.3411
Indiana,Delaware County,67998.5246
Michigan,Jackson County,41479.8473
North Dakota,Nelson County,600.0
Kentucky,Pike County,22864.5473
North Carolina,Pamlico County,7790.4659
Minnesota,Lake of the Woods County,8562.4652
Iowa,Taylor County,19069.7526
North Dakota,Grand Forks County,8256.7835
Oklahoma,Cimarron County,750.0
Ohio,Trumbull County,15158.4197
Texas,Eastland County,9000.8993
Ohio,Auglaize County,12699.441
Ohio,Preble County,29511.4949
Minnesota,Mahnomen County,1301.8217
North Carolina,Pasquotank County,61319.7828
Florida,Volusia County,50330.6236
South Dakota,Lake County,193760.3095
Texas,Webb County,2790.906
Oklahoma,Okmulgee County,6948.3964
Texas,Tyler County,4183.0833
Iowa,Allamakee County,17593.536
Pennsylvania,Indiana County,18414.86
South Dakota,Faulk County,3979.7652
Wisconsin,Sawyer County,15220.921
Virginia,Amherst County,10223.1129
North Carolina,Guilford County,49654.2918
Kentucky,Breckinridge County,13781.6009
North Carolina,Bertie County,7877.3661
Texas,Colorado County,12455.4025
Georgia,Houston County,51015.0218
Texas,Scurry County,3063.2633
Michigan,Delta County,6879.0133
Georgia,Decatur County,13626.098
Ohio,Brown County,16339.6798
South Carolina,Sumter County,30242.034
Indiana,Johnson County,115620.2445
Indiana,Brown County,29137.3235
New York,Bronx County,390890.505
New Mexico,Rio Arriba County,3499.8
South Dakota,Beadle County,8337.8441
South Dakota,Sanborn County,4213.2344
Texas,Cottle County,1187.5147
Oklahoma,Logan County,225480.1715
New York,Essex County,31438.7165
Ohio,Richland County,18041.0822
Kentucky,Allen County,23972.9474
South Carolina,Beaufort County,39326.2286
Texas,Grimes County,15030.3232
Mississippi,Bolivar County,158.4235
North Carolina,Dare County,553196.1192
Pennsylvania,McKean County,4248.5291
Pennsylvania,Lebanon County,100804.0853
South Carolina,Georgetown County,44831.5182
Minnesota,Koochiching County,8144.9957
Kentucky,Bourbon County,11480.9162
Ohio,Washington County,8253.4087
Oklahoma,Washita County,6219.631
North Dakota,Traill County,7243.2329
North Carolina,Franklin County,19569.4667
Texas,Lipscomb County,3474.2943
Virginia,Lancaster County,26652.1999
Michigan,Grand Traverse County,46476.7694
Texas,Floyd County,954.8315
South Dakota,Custer County,7686.4016
Ohio,Adams County,5114.2467
North Carolina,Avery County,69002.6087
Indiana,Porter County,60315.2534
Georgia,Long County,11984.1107
Tennessee,Lewis County,7583.4958
Tennessee,Henry County,8733.8237
West Virginia,Hampshire County,6563.3406
Louisiana,Franklin Parish,3465.4604
Wisconsin,Racine County,81571.3971
Texas,Mitchell County,1420.9061
Georgia,Pierce County,16109.7238
Iowa,Winnebago County,115477.4945
Indiana,Harrison County,16681.5047
Michigan,Baraga County,4655.9465
New York,Columbia County,18631.1186
Virginia,Winchester City County,105198.8172
Iowa,Obrien County,368628.1963
North Carolina,Duplin County,7782.5637
South Carolina,Marion County,6952.1092
Tennessee,Cocke County,14609.685
Kentucky,Campbell County,66436.6847
Mississippi,Pontotoc County,21305.2551
North Dakota,Bottineau County,6138.9673
Kentucky,Pendleton County,23887.2404
Alabama,Wilcox County,3172.7537
North Carolina,Hyde County,2278.1004
Indiana,Bartholomew County,113586.5454
Michigan,Lenawee County,58134.3527
Indiana,Randolph County,67399.6072
Minnesota,Anoka County,113113.6608
Georgia,Jeff Davis County,21300.0697
Kentucky,Bracken County,4596.7934
Maryland,Baltimore County,95321.7287
Texas,Clay County,2835.0459
Wisconsin,Rusk County,7562.5287
North Dakota,Steele County,1306.7975
Michigan,Montmorency County,6330.2885
Georgia,Bulloch County,15582.9894
Tennessee,Bedford County,26907.7636
Texas,Coke County,1807.6711
Kentucky,Jackson County,2989.0236
Texas,Caldwell County,8017.3108
Alabama,Clay County,6984.9593
Virginia,Greene County,39114.6889
Tennessee,Rutherford County,110494.3436
Indiana,Marion County,186028.2054
Kentucky,Rockcastle County,7350.1466
Texas,Brazoria County,22587.9558
Tennessee,Lake County,6528.0719
North Carolina,Lee County,22537.2339
Michigan,Osceola County,7781.1862
Kentucky,Christian County,27782.1194
Minnesota,Yellow Medicine County,82764.4612
South Carolina,Barnwell County,4890.2841
North Carolina,Swain County,24154.5117
Georgia,Muscogee County,16567.493
Louisiana,Acadia Parish,3417.7736
Texas,Wood County,13066.2507
Ohio,Hocking County,13395.3108
Texas,Panola County,8182.0985
South Carolina,Calhoun County,4969.8214
Virginia,Albemarle County,36375.5451
Georgia,Polk County,14233.9118
Mississippi,Tippah County,7436.7315
Pennsylvania,Bradford County,14821.4661
Tennessee,Davidson County,151860.7846
Virginia,Greensville County,35119.6839
Georgia,Bryan County,90976.4448
Maryland,Harford County,94486.0251
Wisconsin,Bayfield County,5543.52
Oklahoma,Oklahoma County,94009.8619
Tennessee,Carroll County,6941.157
Indiana,Hendricks County,105542.5996
Michigan,Wexford County,19527.8007
Ohio,Muskingum County,24672.4398
South Dakota,Perkins County,1225.6795
Iowa,Page County,4741.5056
Georgia,Jasper County,11369.4411
Tennessee,Houston County,10050.7188
Mississippi,Sharkey County,3032.2974
Georgia,Madison County,13156.7962
Ohio,Madison County,27496.92
Iowa,Madison County,20890.9057
Ohio,Clark County,90754.0464
Pennsylvania,Fulton County,9561.3698
Florida,Martin County,80112.7028
West Virginia,Kanawha County,2348.0187
Alabama,Dale County,9142.1625
North Carolina,Surry County,13568.0006
North Carolina,Mecklenburg County,185807.2243
Texas,San Augustine County,6779.0274
Louisiana,Jefferson Parish,198598.6424
South Dakota,Brule County,4342.9844
Alabama,Fayette County,2610.5014
Minnesota,Fillmore County,12752.2079
South Carolina,Bamberg County,4794.4714
Virginia,Loudoun County,69690.4638
Texas,Zapata County,1700.0846
North Carolina,Davidson County,28304.6566
Texas,Chambers County,8786.2887
Tennessee,Tipton County,21045.027
South Carolina,Colleton County,16539.6245
Alabama,Marion County,3961.2966
Florida,Suwannee County,14467.6319
Florida,Jefferson County,8826.3171
Wisconsin,Douglas County,5128.7966
Indiana,Huntington County,49560.8445
South Dakota,Roberts County,9015.9576
North Carolina,Burke County,15052.0367
Kentucky,Garrard County,15219.0398
North Carolina,Jackson County,35126.3773
Arkansas,Desha County,4000.0
Iowa,Tama County,18671.5762
Michigan,Calhoun County,11536.5207
Texas,Hudspeth County,603.0533
North Carolina,Camden County,20188.4604
Pennsylvania,Greene County,12202.9549
Pennsylvania,Cameron County,1352.0454
Indiana,Fulton County,45170.2212
Mississippi,Tate County,4354.0279
Iowa,Jackson County,17540.1249
Missouri,Texas County,7470.0855
Kentucky,Boone County,116721.5472
Kentucky,Mason County,9102.4905
Mississippi,Franklin County,3158.8301
Wisconsin,Kewaunee County,29383.3065
New York,Steuben County,7215.4031
Minnesota,Scott County,181211.1667
Georgia,Chattooga County,4389.2281
Michigan,Alcona County,5690.1425
New York,Herkimer County,7382.3329
Minnesota,Marshall County,792.6829
North Carolina,Yadkin County,13718.3959
New York,Chenango County,6908.3465
Mississippi,Yazoo County,3826.3181
Pennsylvania,Delaware County,326066.8786
Tennessee,Marion County,4820.1862
New York,Wyoming County,31889.9109
Iowa,Keokuk County,20156.5558
Virginia,Amelia County,16154.8518
Michigan,Gladwin County,18833.1356
Michigan,Manistee County,19551.4785
Mississippi,Marshall County,9854.8525
Texas,Gregg County,26838.7295
Indiana,Warren County,11481.8821
South Dakota,Brookings County,10829.99
Texas,Jim Hogg County,2946.1356
Kentucky,Floyd County,10127.5064
Virginia,Poquoson City County,142814.2094
Kentucky,Morgan County,2581.8224
Ohio,Columbiana County,34621.1894
West Virginia,Harrison County,20183.086
New York,Jefferson County,17047.2032
Texas,Van Zandt County,16527.3845
Virginia,Henrico County,134847.5401
Iowa,Chickasaw County,12434.8802
Maryland,Caroline County,27318.8543
Florida,Highlands County,19888.9111
Georgia,Spalding County,21608.8969
North Carolina,Haywood County,23679.5632
Kentucky,Whitley County,5024.7347
Florida,Leon County,69749.8272
Georgia,Brooks County,9468.3183
South Dakota,Pennington County,30691.4444
Indiana,Newton County,32219.0511
Virginia,Martinsville City County,3883.3298
Iowa,Adams County,4621.5185
Texas,Cochran County,2661.455
Georgia,Haralson County,10843.1523
Virginia,King and Queen County,12622.2615
Iowa,Clayton County,23107.0143
Georgia,Randolph County,2428.7743
Ohio,Union County,58486.9059
Arkansas,Washington County,78335.5758
Wisconsin,Barron County,18218.5125
Iowa,Montgomery County,5753.9555
New York,Livingston County,17930.0559
Texas,Baylor County,1193.8258
West Virginia,Marshall County,25569.1189
Texas,Jack County,5574.7541
Florida,Hamilton County,8436.8367
Georgia,Columbia County,92319.2485
Mississippi,Jasper County,3079.8274
Texas,Deaf Smith County,2140.5043
Virginia,Goochland County,37769.6007
Texas,La Salle County,2603.3987
Texas,Grayson County,34678.8629
North Carolina,Alexander County,12439.7092
South Carolina,Chesterfield County,8424.4464
Georgia,Calhoun County,3430.1679
Mississippi,Smith County,2738.3582
Indiana,Fountain County,12352.4289
Georgia,Lincoln County,8813.8084
South Dakota,Lawrence County,24224.8769
South Carolina,Horry County,51420.2001
North Carolina,Cumberland County,36108.3609
Michigan,Oakland County,166753.1061
Ohio,Pickaway County,43695.9528
South Carolina,Charleston County,207731.2028
South Carolina,Williamsburg County,4753.2355
Kentucky,Franklin County,36800.3479
Michigan,Kent County,83102.0811
Georgia,Baker County,3409.1865
Texas,McCulloch County,2711.2611
North Carolina,Union County,49924.028
Minnesota,Olmsted County,46044.7494
Georgia,Dodge County,5373.8911
Michigan,Lapeer County,32825.5404
Pennsylvania,Potter County,5555.4448
New York,Montgomery County,6556.92
Virginia,Bedford County,24334.812
Alabama,Sumter County,3361.2537
South Carolina,Pickens County,57553.7338
Missouri,Laclede County,13830.7692
Pennsylvania,Bucks County,121433.028
Pennsylvania,Bedford County,9380.9619
North Dakota,Towner County,1240.0
Ohio,Marion County,192474.748
Iowa,Sac County,96270.403
North Dakota,Dickey County,517440.0
Virginia,Charlotte County,3916.2943
Georgia,Warren County,3448.0735
Indiana,Jay County,51407.36
North Carolina,Edgecombe County,10543.4411
West Virginia,Nicholas County,14316.9469
North Carolina,Orange County,102081.6452
Mississippi,Covington County,6190.8995
West Virginia,Lincoln County,3180.5541
Kentucky,Ballard County,10278.6141
Minnesota,Norman County,2874.4684
Alabama,Lawrence County,6881.5193
Indiana,Dearborn County,28491.1168
Iowa,Clay County,73401.2309
Michigan,Berrien County,53874.518
Kentucky,Carter County,2382.3924
Minnesota,Cottonwood County,26368.5932
Georgia,Montgomery County,19608.0511
Texas,Dallas County,182887.0547
Wisconsin,Walworth County,79753.7742
Kentucky,Boyd County,50607.1793
Indiana,Vermillion County,6241.406
North Carolina,Yancey County,10514.1169
Indiana,Carroll County,70920.7726
Mississippi,Neshoba County,6880.5494
Wisconsin,Price County,3123.6717
Indiana,Posey County,83300.6292
Florida,Clay County,74550.7015
Oklahoma,Nowata County,2755.3286
Michigan,Washtenaw County,55419.6032
Michigan,Saginaw County,31804.6016
Georgia,Mitchell County,8020.4155
Indiana,Vigo County,38148.901
Ohio,Butler County,82205.5503
Iowa,Louisa County,12599.0711
New York,Nassau County,87714.5526
South Carolina,York County,25855.311
Oklahoma,Kingfisher County,4925.3066
Ohio,Greene County,72128.4761
Texas,Comanche County,4849.1198
Iowa,Harrison County,9108.9458
Florida,Seminole County,176599.0714
Texas,Coryell County,12770.7879
Maryland,Wicomico County,44234.3881
New York,Cayuga County,40816.9032
West Virginia,Wyoming County,11435.9268
Oklahoma,Harper County,1368.6728
California,Sonoma County,7352941.1765
North Carolina,Rowan County,23860.3945
Ohio,Seneca County,26497.5823
New York,Queens County,7230.7145
Texas,Williamson County,36383.0311
New York,Otsego County,10187.2009
Texas,Kerr County,13411.5165
Wisconsin,Florence County,5608.3381
Iowa,Pottawattamie County,35561.1973
Alabama,Cleburne County,6912.7636
Georgia,Paulding County,49009.9275
Kentucky,Wayne County,16938.4053
Michigan,Saint Joseph County,29908.0011
Michigan,Bay County,33903.4408
Kentucky,Webster County,23884.136
Minnesota,Kandiyohi County,50011.6034
Tennessee,Gibson County,11763.0265
South Carolina,Clarendon County,12781.4442
Kentucky,Jefferson County,114762.6471
Tennessee,Perry County,1900.3381
Ohio,Athens County,21234.9116
West Virginia,Monongalia County,75231.3385
Texas,Cherokee County,9680.1569
Michigan,Oceana County,17941.4487
New York,Niagara County,36588.7296
Ohio,Knox County,34766.5065
Pennsylvania,Westmoreland County,22981.11
Tennessee,Hamblen County,46064.6524
South Dakota,Ziebach County,1349.9999
Minnesota,Lake County,1690.7506
Minnesota,Polk County,34362.7637
Iowa,Greene County,16836.524
Minnesota,Murray County,31720.7384
Tennessee,Chester County,6967.8592
South Dakota,Turner County,60047.4712
New York,Chautauqua County,16908.1177
Virginia,Augusta County,30922.7657
Georgia,Wilcox County,2535.833
Louisiana,East Baton Rouge Parish,24347.752
Texas,Wichita County,2218.4914
Iowa,Plymouth County,204266.6929
Kentucky,Grant County,20348.6187
Virginia,Henry County,4420.2223
Virginia,Halifax County,5863.323
Texas,Bailey County,1769.7593
Texas,Victoria County,19108.7025
Arkansas,Lawrence County,45691.2638
Virginia,Russell County,9223.6139
Georgia,Clinch County,1751.3211
Minnesota,Faribault County,9926.0225
Virginia,Harrisonburg City County,172730.6878
Iowa,Guthrie County,21320.2532
Kentucky,Union County,73465.4472
Florida,Saint Lucie County,20172.5788
Ohio,Coshocton County,16338.4952
New York,Rensselaer County,13299.592
South Dakota,Bon Homme County,116891.8919
Iowa,Scott County,58405.2116
Texas,Collingsworth County,1425.5583
Indiana,Noble County,31831.283
Texas,Franklin County,5894.9175
Michigan,Montcalm County,21314.6795
Texas,Zavala County,3195.9299
South Carolina,Edgefield County,14127.5892
Mississippi,Yalobusha County,2139.0341
North Dakota,McIntosh County,499600.0
Texas,Trinity County,3154.8714
Ohio,Licking County,58661.3658
Texas,Hays County,85619.1889
Tennessee,Maury County,48363.0311
Tennessee,Bledsoe County,3681.1095
Mississippi,Lincoln County,7737.5425
Virginia,Alleghany County,3373.6101
Texas,Waller County,21950.222
Florida,Bradford County,24228.9246
Michigan,Chippewa County,1944.3367
Indiana,Greene County,12696.9695
Pennsylvania,Northampton County,63693.9759
South Dakota,Walworth County,45676.0957
Virginia,Lunenburg County,7181.3199
Texas,Martin County,11221.7093
Texas,Falls County,6357.6737
New York,Erie County,64567.1449
Texas,Burnet County,15736.1539
Alabama,Pickens County,3144.4573
Ohio,Lucas County,241605.5046
Tennessee,Obion County,13948.0273
Wisconsin,Polk County,26636.3138
Texas,Hutchinson County,1212.8745
Wisconsin,Dunn County,10971.449
Texas,Jeff Davis County,889.2332
Ohio,Summit County,82931.7306
Wisconsin,La Crosse County,24343.2563
Iowa,Sioux County,18557.3789
Georgia,Wilkinson County,3723.5264
Virginia,Northumberland County,30873.3323
North Carolina,Stokes County,9532.2449
North Carolina,Henderson County,40137.3404
Wisconsin,Eau Claire County,17079.6405
Louisiana,De Soto Parish,6799.2095
Virginia,Shenandoah County,17847.7388
Arkansas,Searcy County,3314.575
Alabama,Barbour County,4816.0383
Kentucky,Metcalfe County,7679.3991
Georgia,Morgan County,17133.9081
Minnesota,Traverse County,23467.7419
Texas,Tarrant County,284311.9371
Georgia,Floyd County,15746.7796
New York,Greene County,34640.4996
Alabama,Coffee County,15656.7971
Florida,Miami-Dade County,391973.1145
Virginia,Hampton City County,36699.8963
Texas,Erath County,13909.7436
Wisconsin,Washington County,75046.3464
Texas,Terry County,8009.6584
North Carolina,Chatham County,41313.9691
Tennessee,White County,24885.5915
Tennessee,Dyer County,77866.9085
South Carolina,Greenwood County,17826.4641
Virginia,Smyth County,5223.6196
Virginia,Norfolk City County,564467.4675
Louisiana,Saint Tammany Parish,45862.8977
Florida,Dixie County,12441.1035
Virginia,King William County,18791.6859
Iowa,Black Hawk County,132914.5517
Virginia,Stafford County,62377.8939
Kentucky,Larue County,39121.4305
South Dakota,Fall River County,1588.5315
Indiana,Spencer County,49204.7332
Indiana,Wayne County,51229.4477
Texas,Castro County,3214.7684
Tennessee,Clay County,4725.6225
Maryland,Anne Arundel County,157069.9205
Kentucky,Kenton County,123895.5831
Tennessee,Hamilton County,51888.9406
Ohio,Huron County,39056.7695
Texas,Gillespie County,22575.8693
North Carolina,Sampson County,8576.5391
Tennessee,Loudon County,55472.6378
Indiana,DeKalb County,53332.733
South Dakota,Grant County,2900.3769
Minnesota,Blue Earth County,57523.7178
Indiana,Lagrange County,201667.6838
Indiana,Union County,45198.3356
Pennsylvania,Lawrence County,16711.3277
Texas,Jones County,4684.1822
Wisconsin,Green County,24911.2683
Iowa,Monona County,14132.8935
New York,Putnam County,55853.451
Pennsylvania,Cumberland County,85497.5291
Michigan,Monroe County,57827.2997
Michigan,Ottawa County,127126.0877
Alabama,Autauga County,4626.6898
Minnesota,Morrison County,25888.739
Pennsylvania,Montgomery County,204156.3737
Indiana,Washington County,12588.9204
Kentucky,Henry County,11356.2541
Virginia,Lexington City County,6256.6091
Louisiana,Saint Helena Parish,4148.8525
Minnesota,Hubbard County,24131.254
New York,Orange County,41966.2283
Minnesota,Carlton County,7389.8253
Mississippi,Washington County,764.2164
Georgia,Rabun County,46807.9912
Tennessee,Monroe County,9155.5593
North Carolina,Caswell County,10031.0176
Mississippi,Jackson County,23392.7823
Virginia,Scott County,4402.9838
Iowa,Poweshiek County,110805.9548
Georgia,Telfair County,4003.3064
Louisiana,Plaquemines Parish,193832.4421
Kentucky,Magoffin County,2352.6543
Tennessee,Pickett County,18077.4804
Maryland,Washington County,66232.2145
Ohio,Morrow County,17908.3877
Indiana,Morgan County,38833.0561
Mississippi,Lauderdale County,5722.7565
Texas,Duval County,2394.0905
Indiana,Putnam County,24166.9672
Ohio,Vinton County,3658.5203
Utah,Sanpete County,51238.0952
Minnesota,Brown County,52114.2309
New York,Dutchess County,42346.658
Texas,Roberts County,2815.066
Ohio,Scioto County,7856.8909
Minnesota,Martin County,14725.0019
Ohio,Franklin County,148842.7574
Georgia,Effingham County,19089.2282
Alabama,Perry County,2271.992
Iowa,Lee County,11195.8395
Kentucky,Lee County,3643.0442
Texas,Lynn County,13231.4783
Michigan,Newaygo County,20242.3747
Tennessee,Fayette County,11469.4726
Oklahoma,Major County,3294.3461
Mississippi,Prentiss County,8315.5297
Alabama,Elmore County,19141.5444
California,Calaveras County,3947.3684
Texas,Travis County,93789.905
Ohio,Lawrence County,18104.0623
Alabama,Crenshaw County,4515.6139
North Dakota,Walsh County,0.0227
North Carolina,Buncombe County,47334.5511
Michigan,Kalkaska County,10320.937
Louisiana,Tangipahoa Parish,24943.226
Michigan,Keweenaw County,49631.9991
Kentucky,Carlisle County,7395.5303
North Carolina,Chowan County,20101.5824
Oklahoma,Tillman County,718932.0388
Michigan,Branch County,26131.1994
Pennsylvania,Wayne County,23360.7679
Mississippi,Clay County,13764.6029
Indiana,Grant County,57445.1795
Tennessee,Sumner County,70337.7719
Ohio,Belmont County,4556.4071
Virginia,Dinwiddie County,10348.9204
Iowa,Ringgold County,5041.674
West Virginia,Doddridge County,2496.7233
New York,Allegany County,4956.2515
Texas,Leon County,6040.1765
Texas,Gonzales County,10791.3798
Mississippi,Jefferson County,1449.6862
Michigan,Mackinac County,11707.8142
Minnesota,Otter Tail County,18686.3808
Virginia,Clarke County,30513.6475
New York,Albany County,14583.1033
Virginia,Gloucester County,28240.1171
Kentucky,Breathitt County,1537.7879
Ohio,Erie County,54478.6249
Florida,Columbia County,17510.8185
Alabama,Lauderdale County,10100.3569
Wisconsin,Fond du Lac County,36788.3336
Wisconsin,Juneau County,17215.4604
North Dakota,Benson County,23529.4118
Virginia,New Kent County,35816.4978
Minnesota,Hennepin County,164818.9543
Texas,San Saba County,4574.3784
Tennessee,Sequatchie County,2455.7416
Louisiana,Livingston Parish,25948.2741
Tennessee,Montgomery County,34404.3674
South Carolina,Florence County,16327.7946
Alabama,Bullock County,3481.3433
Mississippi,Montgomery County,2416.5693
Pennsylvania,Snyder County,34340.7658
Virginia,Hopewell City County,35414.0536
West Virginia,Wetzel County,10775.5959
New York,Warren County,30608.3574
Texas,Reagan County,104399.2817
Tennessee,Campbell County,4239.9733
Texas,Polk County,4149.7807
Pennsylvania,Mercer County,16663.2334
Indiana,Miami County,18483.5243
Tennessee,Cumberland County,24280.2109
Texas,Shackelford County,4526.7694
Indiana,Owen County,10490.4632
Ohio,Allen County,22380.2859
Tennessee,Macon County,23434.8692
Kentucky,Martin County,4003.6118
Georgia,McDuffie County,30996.8106
Louisiana,Calcasieu Parish,27967.561
Tennessee,Johnson County,12719.3621
Tennessee,Hawkins County,10976.2758
Texas,Collin County,126783.6534
Kentucky,Fayette County,92659.873
Nebraska,Lancaster County,9983.3611
Georgia,Glascock County,2683.9708
Oklahoma,Cleveland County,70778.2003
Texas,Sherman County,1413.9959
Alabama,Franklin County,8168.2005
Tennessee,Franklin County,25565.9768
Florida,Madison County,3436.6696
Indiana,Marshall County,64796.9368
Michigan,Allegan County,68275.866
Maryland,Calvert County,121231.9971
Minnesota,Cass County,22957.4698
Florida,Walton County,43202.7886
Delaware,Sussex County,96096.5029
Texas,Brewster County,780.528
Louisiana,Morehouse Parish,2579.3548
Ohio,Monroe County,6689.4264
Wisconsin,Iowa County,13157.2066
Ohio,Fulton County,85000.0
Kentucky,Fleming County,5502.2434
West Virginia,Calhoun County,1253.8141
Texas,Blanco County,29067.4081
Texas,Ector County,70744.8323
New York,Schenectady County,25900.8903
Georgia,Dawson County,36108.8733
Indiana,St Joseph County,42232.7975
Oklahoma,Tulsa County,84460.1863
Ohio,Medina County,62956.2439
Georgia,Evans County,2601.4324
Missouri,Wright County,3966.6667
South Carolina,Aiken County,18762.9448
Kentucky,Bullitt County,100306.9282
South Dakota,Meade County,6122.1221
Georgia,Towns County,56453.7661
North Carolina,Greene County,7224.343
North Carolina,Gates County,4706.2507
Virginia,Craig County,6247.9283
Michigan,Luce County,2107.2921
Maryland,Somerset County,7832.1418
New York,Rockland County,273248.2451
Mississippi,Sunflower County,11236.95
North Carolina,Davie County,18286.9653
Texas,Howard County,7117.9435
New York,Genesee County,31049.5637
Virginia,Botetourt County,16711.095
Kentucky,Madison County,33441.3199
Iowa,Johnson County,228945.0677
West Virginia,Mineral County,13917.4232
Georgia,Fannin County,71912.2916
Texas,Cameron County,82673.9558
West Virginia,Jefferson County,95788.6692
South Carolina,Dorchester County,35253.2627
Kentucky,Hopkins County,10915.4912
Tennessee,Washington County,51143.1689
Alabama,Butler County,3982.6177
West Virginia,Mercer County,23705.0342
California,San Luis Obispo County,3176.6754
Alabama,Conecuh County,3036.6875
Texas,Terrell County,385.5357
Pennsylvania,Crawford County,11417.2592
Georgia,Candler County,6785.19
Florida,Liberty County,8180.0682
North Carolina,Caldwell County,12089.3908
Michigan,Cheboygan County,13784.4878
Ohio,Hardin County,8466.4354
Indiana,Jackson County,15331.9148
Virginia,Covington City County,2794.3645
North Carolina,Wayne County,40401.699
New York,Clinton County,9192.2987
Minnesota,Jackson County,95992.1592
Oklahoma,Washington County,7583.0559
Tennessee,Grundy County,3541.4444
Ohio,Pike County,3994.7768
Michigan,Ontonagon County,3094.6217
Ohio,Hamilton County,140334.1014
New York,Delaware County,10296.8849
New York,Fulton County,7602.0795
South Carolina,Newberry County,11966.9835
Iowa,Buena Vista County,47814.2404
Indiana,Montgomery County,65098.6528
Minnesota,Pipestone County,143276.9368
Illinois,Madison County,14834.6991
South Carolina,Jasper County,12842.0094
West Virginia,Gilmer County,2391.5201
Kentucky,Graves County,16429.5335
Texas,Kaufman County,57111.4038
New York,Kings County,4386.2466
Michigan,Livingston County,74779.6517
Kentucky,Oldham County,44502.8057
Alabama,Russell County,7848.1122
Virginia,Virginia Beach City County,232238.7191
Virginia,Mecklenburg County,15290.4276
Pennsylvania,Wyoming County,21705.4419
Alabama,Chilton County,7755.6658
Georgia,Lumpkin County,25360.7761
Michigan,Antrim County,31468.9109
Texas,Swisher County,3271.8554
Georgia,Bartow County,24302.8533
Texas,San Jacinto County,10328.3739
Oklahoma,Ellis County,1444.7672
Minnesota,Lac qui Parle County,6245.083
Georgia,Murray County,11699.5035
North Dakota,Wells County,2093750.0
Alabama,Houston County,17588.9796
Virginia,Prince Edward County,8467.1265
Virginia,Mathews County,17391.5312
South Carolina,Lancaster County,31409.5844
Tennessee,Rhea County,14931.7879
Iowa,Woodbury County,43839.744
West Virginia,Pocahontas County,1054.3816
Kentucky,Wolfe County,4202.7468
Georgia,Charlton County,4363.5938
Iowa,Audubon County,59338.0615
Texas,Dimmit County,2521.3186
Kentucky,Scott County,66596.0788
Kentucky,Crittenden County,3077.9151
Virginia,Bristol County,24681.146
Louisiana,Union Parish,3903.1408
Tennessee,Warren County,15749.6769
New York,Saratoga County,67295.4133
Virginia,Buckingham County,5383.6681
Minnesota,Benton County,72505.523
Tennessee,Putnam County,31957.6647
Texas,Ward County,21091.8919
Oklahoma,Alfalfa County,2464.6368
Tennessee,Robertson County,56348.2499
Indiana,Clark County,225558.3897
Louisiana,Richland Parish,4203.765
Georgia,Richmond County,27857.236
Wisconsin,Iron County,3236.7612
West Virginia,Pendleton County,4351.492
Alabama,Greene County,3077.929
Texas,Galveston County,180189.422
Virginia,Richmond County,28860.8487
Arkansas,Cleburne County,42279.6698
Texas,Hemphill County,9830.4575
Kentucky,Simpson County,37257.6645
Mississippi,Greene County,2101.0846
Texas,Garza County,11853.3878
Wisconsin,Clark County,8796.9364
Ohio,Tuscarawas County,28333.4603
South Dakota,Hand County,318.4254
Kentucky,Greenup County,10540.3353
Alabama,Bibb County,2334.1361
Virginia,Surry County,9417.0484
Florida,Taylor County,23282.7659
Texas,Dawson County,10915.3024
North Carolina,Wake County,158584.0087
Mississippi,Attala County,2519.8683
Texas,Haskell County,1961.3663
Pennsylvania,Union County,90006.7001
New York,Cattaraugus County,20565.3984
Mississippi,Issaquena County,2620.1324
Georgia,Putnam County,28722.9696
Virginia,York County,157382.1051
Tennessee,Hickman County,9667.6134
Tennessee,Union County,28794.8214
Wisconsin,Grant County,10198.0011
Ohio,Clermont County,48315.7724
South Carolina,Laurens County,22770.1597
Minnesota,Steele County,58491.3182
South Dakota,Marshall County,2833.3876
Mississippi,Hancock County,9490.9328
Alabama,Chambers County,7009.8429
Iowa,Shelby County,291802.0305
Georgia,Macon County,3838.2735
Georgia,Ben Hill County,11975.9423
Florida,Union County,5939.6782
Alabama,Cherokee County,5348.0118
Pennsylvania,Beaver County,41273.9559
Texas,Reeves County,15544.4976
Texas,Oldham County,611.2625
Iowa,Osceola County,9155.2317
North Carolina,New Hanover County,471233.125
North Carolina,Cleveland County,18947.1672
Mississippi,Amite County,5016.8463
Minnesota,Nicollet County,16465.3988
South Carolina,Kershaw County,25457.1427
Texas,Crosby County,954.7036
Texas,McMullen County,3617.3487
Oklahoma,Woods County,2707.1854
Kentucky,Jessamine County,99797.4517
Tennessee,Weakley County,12447.5409
Kentucky,Knox County,10222.4833
Pennsylvania,Lycoming County,10075.2449
Oklahoma,Comanche County,2750.0
Georgia,Hancock County,6292.1476
Virginia,Louisa County,18436.2291
Georgia,Burke County,4798.6973
Wisconsin,Rock County,78671.3643
Tennessee,Carter County,21184.8268
Arkansas,Calhoun County,3051.8246
Maryland,Charles County,60363.2701
Iowa,Washington County,57748.4121
Texas,Goliad County,5798.1701
South Carolina,Greenville County,50991.0152
Indiana,Adams County,77795.1507
North Carolina,Iredell County,51905.5962
Tennessee,Hardeman County,2594.4373
Ohio,Portage County,44779.9997
Texas,Rockwall County,157162.6362
New York,Broome County,14531.7879
Alabama,Madison County,29961.843
Iowa,Kossuth County,10606.152
California,San Diego County,152698.6551
Texas,Milam County,7480.5564
Georgia,Cobb County,189960.6213
Florida,Wakulla County,40357.5143
Georgia,Troup County,28250.6759
New York,Suffolk County,751335.4601
California,San Bernardino County,13333.3333
Georgia,Coffee County,28038.9217
North Carolina,Randolph County,22676.3608
Texas,Nolan County,2508.0622
South Dakota,Stanley County,1379.2498
Pennsylvania,Huntingdon County,8715.7163
Kentucky,Hancock County,3441.0049
Wisconsin,Waupaca County,17445.5442
West Virginia,Lewis County,6124.0432
Minnesota,Wilkin County,3476.3828
South Carolina,Darlington County,17501.8813
Virginia,Grayson County,6415.7191
Indiana,Martin County,6258.1526
South Dakota,Day County,6252.447
South Carolina,Chester County,9531.3804
Iowa,Carroll County,35546.5454
Oklahoma,Canadian County,8750.0
West Virginia,McDowell County,1962.2749
Minnesota,Cook County,32225.5847
Wisconsin,Saint Croix County,40531.1066
Indiana,Clinton County,61336.5661
Texas,Bexar County,71223.2918
New York,Madison County,10199.1999
West Virginia,Ritchie County,1899.2975
Tennessee,Scott County,3295.7195
North Carolina,Gaston County,34103.5384
Georgia,Pike County,15579.8543
Tennessee,Coffee County,23531.8304
South Dakota,Bennett County,1075.4252
North Carolina,Halifax County,26952.4094
West Virginia,Tyler County,6442.7995
Kentucky,Clark County,23954.451
Georgia,Appling County,10887.5008
Louisiana,Madison Parish,2903.5659
Georgia,Bibb County,40768.521
South Dakota,Clay County,12226.1951
Texas,Harrison County,8821.4583
Pennsylvania,Tioga County,10216.2754
Kentucky,Hickman County,10685.2174
Virginia,Accomack County,20739.6456
Florida,Hardee County,10313.9279
Kentucky,Elliott County,1603.8143
Minnesota,Renville County,31107.745
Florida,Alachua County,29803.593
Ohio,Logan County,35706.5582
Indiana,Lawrence County,32974.3887
Texas,Cooke County,17697.1107
Texas,Limestone County,5992.6585
Tennessee,Knox County,70017.9919
South Dakota,Union County,84806.993
Kentucky,Butler County,4432.1101
Michigan,Shiawassee County,19312.0077
Wisconsin,Adams County,9927.5584
Pennsylvania,Monroe County,60359.9177
Ohio,Wood County,33342.7162
Georgia,Wilkes County,6313.5072
Michigan,Alger County,9348.7432
Texas,Parker County,48011.4201
Virginia,Washington County,18466.1248
Georgia,Clayton County,38695.0022
New Mexico,Dona Ana County,1072.9614
Iowa,Palo Alto County,38262.3449
Michigan,Eaton County,27026.4985
South Dakota,Douglas County,5601.4921
Alabama,Mobile County,14627.5812
Kentucky,Lyon County,16466.282
Texas,Foard County,1455.3122
North Dakota,Cavalier County,2746.9136
Arkansas,Grant County,40625.0
West Virginia,Hancock County,41344.0672
Indiana,Pike County,34405.9891
Virginia,Roanoke City County,96455.7793
Virginia,Danville City County,13249.6903
Kentucky,Perry County,12950.5554
Louisiana,Saint Mary Parish,154694.7822
Michigan,Ingham County,39285.691
Ohio,Morgan County,4175.4441
Texas,Angelina County,20908.6122
Wisconsin,Ozaukee County,91649.4666
Indiana,White County,39860.1785
South Carolina,Anderson County,36232.8045
Iowa,Adair County,5730.4096
Louisiana,Tensas Parish,3156.0284
Michigan,Barry County,44243.5484
Wisconsin,Langlade County,6777.8631
Pennsylvania,Berks County,75707.2017
Florida,Monroe County,2373949.9742
Georgia,Jackson County,41296.6614
Mississippi,Pike County,9744.7042
Indiana,Wells County,60916.2665
Florida,Calhoun County,6710.3886
Oklahoma,Dewey County,2062.8779
Kentucky,Johnson County,25626.2102
South Carolina,Abbeville County,15111.0109
Michigan,Isabella County,32749.8209
Alabama,Macon County,3205.5982
Iowa,Story County,80609.4053
New Mexico,Cibola County,1964.2857
South Dakota,McPherson County,1561875.0
Ohio,Meigs County,7407.5191
Michigan,Hillsdale County,13860.1933
Florida,Broward County,19380.1591
Indiana,Tipton County,80971.9231
Tennessee,Overton County,13523.7936
Pennsylvania,Montour County,13451.9573
Alabama,Talladega County,12802.3227
Texas,Kent County,1553.508
Georgia,Lamar County,12147.733
Texas,Titus County,4679.6483
New York,Monroe County,56675.1471
Minnesota,Chippewa County,10762.909
Virginia,Madison County,17522.2791
Iowa,Decatur County,5473.0124
Wisconsin,Oneida County,17536.9329
Texas,Orange County,8689.2705
Louisiana,Allen Parish,4683.6908
Georgia,Toombs County,33490.4176
Texas,Gaines County,3964.8889
Oklahoma,Osage County,3000.0512
Iowa,Bremer County,220703.2761
West Virginia,Raleigh County,3384.495
Alabama,Clarke County,2013.7024
Iowa,Dickinson County,29198.6821
Virginia,Giles County,4480.7277
Florida,Baker County,11300.534
Michigan,Ionia County,28280.0099
Pennsylvania,Forest County,85506.3869
Virginia,Culpeper County,78989.7971
Mississippi,George County,6442.8038
Texas,Shelby County,7788.0087
Tennessee,Greene County,15523.0589
Mississippi,Humphreys County,6605.9849
Georgia,Brantley County,5321.1154
Texas,Glasscock County,6008.1686
Maryland,Allegany County,13844.0528
Alabama,Jackson County,5082.7637
Georgia,Talbot County,3032.5713
Mississippi,Lee County,31169.5683
South Dakota,Edmunds County,47371.2395
Michigan,Benzie County,60235.1634
Louisiana,Saint Martin Parish,22412.7665
North Carolina,Nash County,28643.8274
Mississippi,Winston County,4084.1493
Maryland,Kent County,24054.1695
Mississippi,Lafayette County,25902.9605
Tennessee,Marshall County,19000.5141
Georgia,White County,19484.0115
Texas,Mills County,4852.9911
Arkansas,Randolph County,2126.5749
Indiana,Wabash County,47785.9506
Louisiana,Iberia Parish,130246.636
Indiana,Monroe County,71530.103
Iowa,Grundy County,64717.2638
Texas,Sabine County,25175.6871
Kentucky,Marion County,8113.3322
Texas,Young County,5020.7482
Missouri,Stoddard County,40860.2151
Texas,Donley County,1293.0194
Minnesota,Swift County,16674.3503
Iowa,Franklin County,24860.7265
Indiana,Scott County,20452.5023
North Carolina,Transylvania County,45783.1303
Georgia,Irwin County,593750.0
Texas,Red River County,2441.0779
Kentucky,Washington County,9887.8456
Georgia,Screven County,3914.9348
Mississippi,Simpson County,9411.2694
West Virginia,Tucker County,95557.9273
South Carolina,Dillon County,8164.4924
Georgia,Dougherty County,5362.8853
Georgia,Rockdale County,50945.3342
Wisconsin,Shawano County,14260.4496
Texas,Harris County,203969.4659
Kentucky,Owen County,5643.5377
Texas,Kendall County,28231.201
Minnesota,Stevens County,52098.2728
North Dakota,Burke County,5375.0
Ohio,Fayette County,37307.3114
Texas,Val Verde County,819.4707
North Carolina,Alamance County,52800.9878
Minnesota,Dakota County,141309.6207
Minnesota,Houston County,41361.7168
Virginia,Charles City County,17270.961
Georgia,Carroll County,29227.2171
Pennsylvania,Venango County,5898.9304
Minnesota,Watonwan County,4876.8814
Georgia,Coweta County,56419.2381
New York,Orleans County,44578.5588
Alabama,Montgomery County,9226.121
Texas,Nacogdoches County,10843.9414
Alabama,Jefferson County,37641.2592
Texas,Anderson County,6992.7831
Texas,Culberson County,702.6818
Pennsylvania,Chester County,144284.1442
South Carolina,Spartanburg County,54714.1018
Tennessee,Unicoi County,20747.6281
Tennessee,Van Buren County,6592.7566
Georgia,Cook County,52880.2828
Texas,Randall County,12322.1837
Alabama,Morgan County,12588.8279
Kentucky,Lincoln County,11598.1095
Oklahoma,Wagoner County,46034.8624
Oregon,Jackson County,35717.5192
Georgia,Clarke County,44834.5375
Kentucky,Trimble County,4727.1917
Texas,Fisher County,1183.3034
Georgia,Lee County,6960.6928
Iowa,Cass County,16087.2795
Minnesota,Winona County,21919.6164
Texas,Mason County,6290.8483
Texas,Dallam County,1098.6774
South Dakota,Moody County,57288.7674
Maryland,Howard County,150811.467
Texas,Houston County,6972.8908
Tennessee,Claiborne County,10444.7262
Tennessee,Cannon County,6303.7882
Texas,Hardin County,5016.6573
Georgia,Jefferson County,3538.3186
Minnesota,Beltrami County,23953.4226
Ohio,Perry County,30926.7831
Texas,Childress County,2054.3137
North Carolina,Cabarrus County,42835.1455
Florida,Bay County,61038.2218
Pennsylvania,Blair County,40298.7195
Ohio,Harrison County,31361.6089
Louisiana,Caldwell Parish,8892.994
New York,Hamilton County,5855.7529
Texas,Edwards County,2202.5644
Georgia,Atkinson County,18014.7676
Virginia,Caroline County,22058.7704
Texas,Walker County,8591.5979
Indiana,Franklin County,11157.754
Pennsylvania,Mifflin County,12096.4559
Louisiana,Washington Parish,5443.8659
Indiana,Gibson County,37537.6657
Alabama,Henry County,7551.8397
Texas,Bowie County,4110.1049
Pennsylvania,Dauphin County,93689.3653
Mississippi,Quitman County,3659.282
Virginia,Pittsylvania County,5649.8321
Texas,Hidalgo County,16558.9978
Pennsylvania,Somerset County,9523.0582
North Dakota,Richland County,10395.1918
South Dakota,Davison County,282756.7084
Mississippi,Marion County,3740.2797
Virginia,Staunton City County,53796.0742
Kentucky,Nicholas County,4102.4916
Georgia,Jenkins County,12086.5368
Mississippi,Chickasaw County,2507.0481
North Dakota,Rolette County,800.0
Wisconsin,Dodge County,29701.8619
Alabama,Tuscaloosa County,4140.6466
Georgia,Heard County,4442.031
Ohio,Hancock County,15636.8722
Alabama,Baldwin County,27087.7128
Tennessee,Blount County,37441.1337
South Dakota,Haakon County,1650.4286
Virginia,Arlington County,2758620.6897
Wisconsin,Crawford County,10962.2841
Florida,Pasco County,57100.7476
Tennessee,Anderson County,39954.2782
South Dakota,Harding County,997297.2973
Ohio,Geauga County,40585.4133
Georgia,Sumter County,24324.6272
New York,Wayne County,21789.2957
Minnesota,Douglas County,39157.4376
Iowa,Dubuque County,122639.6448
North Carolina,Richmond County,7517.6201
Kentucky,Harlan County,41597.7912
Minnesota,Isanti County,46495.7466
Texas,Cass County,4168.4258
West Virginia,Upshur County,16031.262
Kentucky,Fulton County,2648.7984
Ohio,Paulding County,94587.156
North Dakota,Griggs County,1121.8812
Wisconsin,Ashland County,3579.4854
Virginia,Wythe County,8875.5968
Louisiana,Jefferson Davis Parish,8231.3888
Mississippi,DeSoto County,32424.6069
Wisconsin,Marquette County,15962.327
Minnesota,Nobles County,445166.6667
Iowa,Cherokee County,9035.7068
Virginia,Nelson County,7794.8707
Ohio,Wayne County,47902.0416
Louisiana,Pointe Coupee Parish,127027.027
Texas,Kenedy County,1216.0804
South Dakota,Charles Mix County,8354.963
Ohio,Ashtabula County,23428.688
Texas,Robertson County,3114.6758
Virginia,Southampton County,4131.4741
Virginia,Franklin City County,32732.6499
Michigan,Saint Clair County,23176.1857
Indiana,Jennings County,37878.8176
Georgia,Liberty County,31559.7335
Minnesota,Lyon County,98006.02
Texas,Callahan County,5377.0302
Mississippi,Calhoun County,2695.5363
Florida,Escambia County,40967.7851
Iowa,Cedar County,27401.559
South Carolina,Cherokee County,24603.7818
Wisconsin,Brown County,72446.0121
Iowa,Cerro Gordo County,74173.265
North Carolina,Vance County,10777.7324
Pennsylvania,Pike County,38027.9372
Ohio,Van Wert County,123333.3333
Arkansas,Sharp County,6528.3796
Indiana,LaPorte County,25426.5051
Virginia,Rockbridge County,13644.6979
Pennsylvania,Franklin County,63062.7632
California,Plumas County,25253.3784
New York,Schuyler County,12856.326
Wisconsin,Outagamie County,31150.5959
Louisiana,Lafayette Parish,113362.4859
Iowa,Clinton County,43476.5482
Minnesota,Wadena County,6399.5281
Texas,Bosque County,8977.7126
Georgia,Taylor County,3452.6397
Indiana,Dubois County,122393.9912
Pennsylvania,Columbia County,18264.6658
Michigan,Marquette County,9239.5557
Georgia,Tattnall County,11366.2924
Iowa,Henry County,10180.6553
Virginia,Hanover County,84760.1246
Indiana,Whitley County,81767.7881
North Dakota,Cass County,71388.0884
West Virginia,Pleasants County,1213.0881
Virginia,Dickenson County,10040.1801
Mississippi,Oktibbeha County,10768.0448
North Carolina,Hoke County,19643.5168
Kentucky,Clay County,1725.7747
Georgia,Newton County,40460.1059
Virginia,Cumberland County,7737.5268
Georgia,Seminole County,10980.4106
Indiana,Starke County,19725.7723
Texas,Taylor County,11354.0533
South Dakota,Todd County,4350.0
Tennessee,Hancock County,3917.1013
South Carolina,Lexington County,36109.2795
New York,Lewis County,2383.865
Pennsylvania,Lancaster County,126586.4355
Tennessee,Trousdale County,20555.4066
Georgia,Whitfield County,33384.4638
Kentucky,Cumberland County,4066.0317
Iowa,Dallas County,142466.5529
Wisconsin,Marathon County,23198.7979
West Virginia,Wood County,20139.6128
Kentucky,Spencer County,16998.8747
Georgia,Walton County,39927.5537
Minnesota,Big Stone County,17077.824
Mississippi,Panola County,5636.2791
Georgia,Bleckley County,5150.9478
Louisiana,Catahoula Parish,3198.116
Texas,Wheeler County,1030.3506
Texas,Hall County,1318.8488
North Dakota,Eddy County,1626.6775
Louisiana,Saint Charles Parish,19506.8949
Wisconsin,Forest County,4317.8059
Tennessee,Sullivan County,52628.8332
Michigan,Mecosta County,33792.2668
Wisconsin,Richland County,5728.8413
West Virginia,Braxton County,7571.3983
Texas,Matagorda County,7304.8518
North Carolina,Anson County,7809.5881
Michigan,Alpena County,6198.6113
Michigan,Crawford County,5273.3766
Virginia,Fairfax County,789513.8203
Florida,Charlotte County,68451.8897
Indiana,Cass County,10990.4714
Kentucky,Letcher County,12475.3298
South Dakota,Kingsbury County,8021.0398
South Carolina,Richland County,37645.0469
Michigan,Gratiot County,32897.7796
North Dakota,Barnes County,6749.8566
Georgia,Upson County,15811.1629
Alabama,Pike County,9672.227
Kentucky,McCreary County,3104.2856
North Carolina,Scotland County,11852.0927
Texas,Hunt County,22602.2969
Virginia,Suffolk City County,33099.551
New York,Yates County,23965.7172
North Carolina,Martin County,11283.7549
Wisconsin,Oconto County,20268.5038
Michigan,Wayne County,105781.3818
Texas,Tom Green County,9334.8993
Virginia,Waynesboro City County,101043.5483
North Carolina,Johnston County,90731.2569
Texas,Knox County,1072.2634
Maryland,Prince Georges County,79286.0505
North Carolina,Warren County,33151.4277
Florida,Santa Rosa County,39787.5516
Florida,Nassau County,53366.1242
Tennessee,Morgan County,3052.421
North Carolina,Beaufort County,13206.3461
Texas,Aransas County,83338.0831
West Virginia,Brooke County,112748.04
Wisconsin,Kenosha County,56823.5971
Wisconsin,Milwaukee County,156589.456
Minnesota,Pope County,22208.8439
Texas,Ellis County,23557.8894
Louisiana,Orleans Parish,4834.3976
New York,Cortland County,8601.754
Iowa,Hancock County,9387.1869
South Dakota,Jones County,3088.8575
Florida,DeSoto County,10447.5795
Indiana,Daviess County,39035.9866
Texas,Potter County,18618.132
Alabama,Hale County,3720.8868
Kentucky,Leslie County,2822.087
Virginia,Powhatan County,52472.3073
Pennsylvania,Susquehanna County,14709.7771
Mississippi,Copiah County,3263.565
North Dakota,Ramsey County,4104.5463
Georgia,Dade County,8180.6721
